{
  "A": 0.0008791898118923669,
  "C": 0.0009868940159070139,
  "D": -0.00033711810377476945,
  "E": 0.0009494145309934865,
  "F": -1.578083575308753e-05,
  "G": 0.0008770199469763318,
  "H": 0.0004673099987374307,
  "I": 0.0006049977906829485,
  "K": 0.0007819404115641637,
  "L": 0.001252209317005404,
  "M": 0.0003957044565079837,
  "N": 0.0005130744224213668,
  "P": 0.001159496906956181,
  "Q": 0.0015123958464839493,
  "R": -6.193978033077751e-05,
  "S": 0.0009578967302107388,
  "T": 0.0014340834490594646,
  "V": 5.523292513562872e-05,
  "W": 0.000301808483777255,
  "Y": -1.1046585027174593e-05,
  "aliphatic_freq": 0.0022065553591717802,
  "aromatic_freq": 0.0007923952152505409,
  "aromaticity": 0.0001838467365231189,
  "c_terminal_5_charge": 0.0006474087867693213,
  "c_terminal_charge": 0.0007345979043050565,
  "c_terminal_hydrophobicity": 0.0003266633000883479,
  "charge_density": 0.0018092728190884921,
  "hydrophobic_freq": 0.0007349924251988327,
  "hydrophobicity_avg": 0.0006111128645373443,
  "hydrophobicity_total": 0.0012691737154399084,
  "isoelectric_point_est": 0.0012794312586794422,
  "length": -0.00011796174725413611,
  "molecular_weight": 0.0004304222951646786,
  "n_terminal_5_charge": 2.880002524932035e-05,
  "n_terminal_charge": 0.0008580829440727467,
  "n_terminal_hydrophobicity": 0.00024381391238474935,
  "negative_charge_count": 0.0012277490215881538,
  "negative_charged_freq": 0.0037980526448680107,
  "net_charge": 0.0010036611538947414,
  "polar_freq": 0.0003665099103648428,
  "polarity_avg": 0.0004604058830955493,
  "positive_charge_count": 0.0005211621007447543,
  "positive_charged_freq": 0.0006892280015149188
}